actual,predicted
12150,11821.323040380048
54684,54727.32558139535
59021,60808.28571428572
4796,4206.059431524548
6116,6092.75
52175,84617.25
5102,5313.784
41314,41456.71621621621
7196,6955.25993883792
63277,54292.560160427805
12538,12277.79411764706
2477,2581.4133333333334
5441,5672.04289544236
68105,48490.6
11415,10510.833333333334
3100,3100.0
3090,3090.0
5888,6297.0
18493,14571.833333333334
7877,8349.933333333332
49553,50776.36029411765
6082,5799.32284768212
6611,5644.02434385698
3754,4084.2597402597403
7363,6611.0
7490,7800.4375
6443,4855.0
6182,4508.803858520901
5772,7265.113636363636
57017,53848.57763975155
11319,11467.666666666666
11139,16119.0
6287,4702.744827586207
68303,68303.0
11205,12021.27
52063,51882.85652173913
54896,55764.333333333336
4702,4636.689346463742
5565,6398.268965517242
6578,6608.373134328358
57081,59703.288265306124
22140,22140.0
12454,10009.0
51117,49902.52380952381
62591,66138.58436213991
21746,20124.666666666668
7106,7087.0
5037,6687.831168831169
16420,20571.75
1890,1988.7627118644068
44144,44144.0
4799,5701.22
5772,5308.596713021492
4917,5844.0
42521,42521.0
8072,4108.652173913043
4689,4726.278053624627
16286,16081.0
4792,5564.144578313253
14040,10527.1
44280,49906.99441340782
7434,6244.083333333333
4086,5235.166666666667
3282,4726.278053624627
49613,51951.22222222222
2857,4224.78640776699
57565,56308.4
7958,5794.8
12214,11084.217391304348
52175,53669.2
12528,18198.25
66723,66723.0
12454,12021.27
70431,66138.58436213991
3401,3961.4
5040,5644.02434385698
4348,4312.0
51384,51384.0
50271,50539.99750623442
2966,2966.0
63163,49906.99441340782
11853,15823.5
6461,6524.392156862745
7902,7863.727272727273
2056,2126.496
6332,6820.295454545455
4780,5046.095744680851
1890,1890.0
4634,4163.925925925926
1830,1830.0
10018,10018.0
54684,54727.32558139535
17064,19067.875
4439,4439.0
6310,5220.5
5293,6049.6511627906975
3987,3987.0
8112,7666.263157894737
5523,5830.107438016529
96617,65666.4
53164,46489.91724137931
50271,51064.46875
12389,13293.0
45883,45883.0
12362,11373.87786259542
1998,2242.0
4790,5380.8
4477,4715.5
2100,2100.0
51707,51707.0
11675,9542.5
38554,38554.0
1788,1543.0
65033,59703.288265306124
5390,5476.201388888889
4894,5426.950819672131
53552,56777.10739856802
3362,3362.1428571428573
6450,6955.25993883792
5601,4763.81220657277
54608,54608.0
7902,7875.5
6032,5644.02434385698
4672,5564.144578313253
5342,5644.02434385698
68474,53671.6
5339,5356.795454545455
6314,5799.32284768212
10849,11084.217391304348
44280,44331.80952380953
11940,12804.857142857143
1755,2115.25
49207,49207.0
44144,49906.99441340782
4031,3888.3333333333335
4069,4236.285714285715
8381,11032.0
6489,7439.688888888889
4656,4775.257142857143
9879,10006.857142857143
6122,5907.605839416058
4413,5644.02434385698
18063,15114.0
4069,4376.060747663551
37985,47367.76190476191
58313,53590.67272727273
12029,11739.0
4755,5315.977375565611
15531,15531.0
10608,10188.0
5355,5644.02434385698
6195,5941.944444444444
4990,5944.568181818182
6318,5924.0
55983,55937.48888888889
53440,56777.10739856802
3334,4098.921760391198
6133,5929.780303030303
5906,5424.765822784811
52063,51882.85652173913
4939,5046.095744680851
6502,6483.293193717277
2124,2124.0
6502,6743.911764705882
10018,10583.384615384615
5823,5929.056818181818
54684,54684.0
4230,4810.366421568628
2339,2418.6968325791854
5289,5557.574712643678
67130,69986.0
54896,54896.0
3860,3662.5
63979,65529.23655913978
53164,53164.0
89009,70510.17142857143
4456,4004.467248908297
52063,51882.85652173913
6840,6553.166666666667
61933,63557.0
6578,5966.768439108062
28510,28510.0
4792,4792.0
6324,6288.915422885572
8719,8798.33744855967
4683,4535.966592427617
1543,1962.4
6181,4430.769704433497
4769,5570.712121212121
5420,4810.366421568628
6946,6946.0
28510,30750.0
5635,8238.28125
4556,5191.768
4007,3424.625
7425,7424.916666666667
27792,27792.0
1830,1830.0
16523,13422.283950617284
11318,12474.25
5953,7097.0
7004,7204.454545454545
5415,5356.128205128205
3505,2764.4285714285716
54840,52343.0
60365,60390.887323943665
45185,45185.0
3988,3822.138576779026
82751,66138.58436213991
4173,6456.609022556391
6067,6067.0
56590,56590.0
4637,7346.837209302325
2464,2464.0
5761,5850.5
9201,12417.8
34472,36062.4
4181,4430.769704433497
5949,5952.409090909091
6450,5907.567307692308
5176,5176.0
7247,7335.0
8440,8440.0
85360,66625.0
4556,5191.768
45995,45995.0
51875,53779.0
10429,10729.0
5333,5333.0
68184,61653.09090909091
45883,45883.0
9201,10447.142857142857
43811,38366.24137931035
68415,63309.0
11835,11919.0
4359,5426.950819672131
2861,2868.8
54777,49484.555555555555
4663,6203.25
59254,66424.71428571429
10858,6162.333333333333
49613,49753.37128712871
12149,7352.0
6296,5644.02434385698
51817,53245.0
15017,15942.0
20760,20760.0
51345,52631.13888888889
4896,4791.068736141907
14264,11924.177777777777
2476,2476.0
4173,4636.689346463742
4111,4206.059431524548
4250,3943.903448275862
54841,59703.288265306124
17510,16708.5
2056,2126.496
5502,5557.282878411911
3127,3462.0
3498,3498.0
45257,45257.0
3282,4726.278053624627
6133,6277.479057591623
58111,60317.5
11260,9042.961538461539
11580,4938.555555555556
52287,52287.0
15481,16089.5
4874,4987.175675675676
4500,4505.289617486339
8130,8115.04
3302,3474.576923076923
2105,2340.4
4368,4987.175675675676
40593,40593.0
4257,4045.3684210526317
6840,7460.219512195122
11853,11675.0
2343,2343.0
6450,6473.331360946746
4209,5046.095744680851
55377,53201.25
2463,3964.6666666666665
53743,53743.0
4879,5746.465346534654
56588,49906.99441340782
2201,2201.0
54608,54608.0
49613,49753.37128712871
6885,6577.0
4496,4705.523809523809
6502,5963.259259259259
3014,3014.0
2464,2464.0
50868,50868.0
45883,45883.0
41269,42107.194444444445
4971,4982.25
5949,5952.409090909091
2056,2877.6111111111113
8043,8058.0
3330,5468.666666666667
61933,62278.739130434784
37526,37526.0
3862,4258.0
9840,11821.323040380048
5532,5201.6875
4893,5610.180487804878
2874,3912.0931677018634
3811,3504.3333333333335
60260,60720.444444444445
6125,5131.623287671233
45672,45920.5
1890,2120.0
6557,5261.18018018018
57920,58976.119402985074
3998,4535.966592427617
9840,11280.0
69997,62045.0
2339,2339.0
31982,31982.0
4417,5321.174721189591
6395,6395.0
3357,5308.596713021492
2836,2836.0
11696,11681.026315789473
15014,11224.314814814816
45995,49512.0
51707,51707.0
49725,52245.0
5661,5379.833333333333
7228,7318.0
8111,8042.526315789473
4637,4818.360360360361
62793,55107.864197530864
18800,16213.2
4658,5265.333333333333
4071,3713.525
6296,7012.5
53209,53209.0
51595,51595.0
65529,65529.0
36712,39941.333333333336
9840,9840.0
4501,4505.289617486339
51707,49906.99441340782
12120,9887.307692307691
4359,4888.6682242990655
11771,11849.333333333334
41101,41101.0
2276,2418.6968325791854
50361,61621.09090909091
7484,8702.71
9201,9358.375
2750,3080.6
8246,6425.875
5632,5632.0
4589,4589.0
11310,11310.0
49613,49753.37128712871
23945,6162.75
12579,12374.481481481482
3330,4230.149038461538
32923,32923.0
7434,7434.0
59880,58700.4
42457,49484.555555555555
4729,4728.666666666667
5790,6024.330033003301
3288,3844.9
8111,8111.0
7518,7255.5
28872,28872.0
52287,56978.78531073446
5103,8176.756756756757
6821,6822.625
5937,6064.4375
6241,5424.765822784811
4593,4726.278053624627
4348,4535.966592427617
16149,16928.8
11488,12660.181818181818
8112,8112.0
67473,81560.33333333333
6258,5623.0
6395,6939.95652173913
5153,4335.166666666667
38099,48694.5
1776,1776.0
60978,60829.01438848921
7189,6286.2
44682,47146.0
11307,15878.8
4392,4836.882352941177
8092,8308.0
3988,3822.138576779026
2410,2384.206896551724
49613,49669.96551724138
3788,3713.525
4672,4636.689346463742
3672,3357.0
45600,47950.983050847455
3393,3393.0
4612,4837.0
6395,6188.066666666667
8056,7847.0
5120,3829.0
13386,9140.833333333334
58125,59348.38461538462
4672,7513.56
3521,3868.0
51819,51819.0
62255,52175.0
49725,49747.58823529412
4359,4702.744827586207
68317,60365.0
3282,3738.9806201550387
5042,5451.926829268293
2464,2468.2820512820513
8867,6955.25993883792
13026,11365.2
6878,5558.036855036855
39321,39321.0
3012,2998.277777777778
8665,8443.111111111111
12032,7745.142857142857
15794,11472.76923076923
2050,6010.333333333333
6888,5157.166666666667
56588,54292.560160427805
6765,6473.331360946746
44280,49906.99441340782
7425,7425.0
59537,57290.01242236025
71801,57129.0
22152,24244.0
54608,54608.0
41113,44335.5
4000,3999.5
3090,3090.0
6109,6247.985185185185
6568,7122.860294117647
20606,20606.0
31436,31436.0
5888,5799.32284768212
6082,5412.739130434783
8686,7571.0
13258,12167.5
4111,4508.803858520901
9201,9201.0
54777,55534.333333333336
4056,3742.181818181818
3959,4896.636363636364
6892,6212.252032520325
4173,4459.051698670605
3988,4636.689346463742
3013,2660.0
11437,13542.333333333334
45693,45693.0
56476,56476.0
23838,23838.0
5502,5557.282878411911
3100,3100.0
5760,5760.0
6275,6234.733333333334
27792,27792.0
55377,55377.0
3298,4190.25
11389,11389.0
7423,7446.988095238095
7488,7489.125
7366,4987.175675675676
7425,7446.0
6129,5609.560747663551
6271,6271.0
5203,6348.307692307692
67769,67769.0
4181,3393.2
5375,4765.239130434783
2477,2477.0
4969,6154.0
44280,49906.99441340782
60508,63571.78947368421
6507,6233.0
40447,40447.0
10575,14775.0
14889,14746.2
13524,13890.142857142857
70793,74889.0
5823,5956.276363636363
24142,14067.25
3831,4230.149038461538
12873,12948.703703703704
67094,67169.25
5823,4888.6682242990655
10248,10586.9
7157,5644.02434385698
4149,4791.068736141907
5955,5337.988372093023
8112,8511.119658119658
11129,10783.0
45883,45883.0
67769,67769.0
14766,14314.142857142857
4827,4551.084415584415
4969,5196.891891891892
45883,45883.0
73099,59479.8
16344,14346.944444444445
2901,2901.0
27776,23336.85714285714
58125,52008.21985815603
2124,2178.6666666666665
68721,51459.0
5045,4499.0
5702,9531.5
4452,4354.595744680851
17777,14705.5
67004,67309.84615384616
2250,2250.0
51345,51882.85652173913
24056,24056.0
11900,18282.0
9840,10680.0
5620,7274.166666666667
38099,49906.99441340782
49553,50299.140969162996
41101,41101.0
47586,47586.0
2203,2203.0
39555,52999.44613821138
55502,55502.0
60260,54292.560160427805
6118,6558.171779141105
5437,4946.214285714285
4111,4508.803858520901
79349,80794.81818181818
12150,12407.894736842105
5368,4530.066666666667
44144,44144.0
1603,1603.0
60508,60508.0
7623,5943.0
38099,38099.0
5656,5929.056818181818
38298,40755.75
59021,59021.0
54608,54608.0
3090,3090.0
3393,3525.285714285714
14176,8798.33744855967
72125,66845.0
3393,3393.0
6584,7568.3
49207,49207.0
4613,4968.857142857143
39499,39499.0
5102,6058.140992167102
5894,5830.283950617284
1543,1621.6923076923076
6821,7398.857142857143
6461,6524.392156862745
61873,61873.0
53645,58487.333333333336
2903,2832.8333333333335
4496,5102.395415472779
4417,4726.278053624627
4796,4416.626666666667
34460,34460.0
22140,22140.0
29601,25024.5
10523,9892.583333333334
2665,2333.125
2339,2638.2
6122,7725.234375
56588,54292.560160427805
1998,5467.75
62591,65195.28571428572
4348,4530.066666666667
53126,45185.0
13604,8005.0
5772,5308.596713021492
3334,4098.921760391198
6450,6508.680555555556
60508,60508.0
7366,5557.282878411911
45257,45257.0
4067,6947.75
3282,3738.9806201550387
3916,3738.9806201550387
53824,45883.0
9868,11378.0
1890,1890.0
17996,15250.5
5293,6556.428571428572
51117,50034.333333333336
6172,6346.0
79100,66948.0
4230,4488.653136531365
5823,5983.236363636363
6375,6818.181818181818
10058,11373.87786259542
79349,79349.0
79349,73189.0
20760,27541.333333333332
44405,44405.0
41281,41281.0
5178,5400.846153846154
5206,5561.449591280654
6568,6517.857142857143
8121,8798.772727272728
5761,5644.02434385698
6271,7183.3375
57081,58705.390625
3336,3836.5
5617,4810.366421568628
62636,55847.37142857143
56590,56590.0
4500,4505.289617486339
2074,2074.0
60260,60260.0
3685,5424.765822784811
53152,53152.0
2568,2568.0
2050,2042.1764705882354
4896,4606.445103857567
4337,5358.661512027491
5519,5046.095744680851
6821,6578.0
50969,50969.0
5418,6162.333333333333
6598,6872.529411764706
7026,10167.8
5871,6277.479057591623
7426,10629.285714285714
11814,13542.333333333334
55377,56464.70138888889
66063,66063.0
6262,5308.596713021492
4896,4705.523809523809
3980,4163.603448275862
12454,12021.27
7174,7514.970588235294
4230,4671.545454545455
5610,5664.050583657588
3699,5966.768439108062
56588,44998.666666666664
15393,11472.76923076923
84756,89229.0
9945,12356.4
3563,3579.1666666666665
52175,52175.0
7639,7458.0
6633,6082.986486486487
5954,5954.0
4678,4726.278053624627
3860,3861.1428571428573
51707,51707.0
45600,46236.16
6311,6176.0
4977,4825.578125
54684,54727.32558139535
4413,5644.02434385698
7584,9680.75
7844,5969.25
68303,68303.0
41269,41269.0
6067,6127.0
74911,70043.55172413793
22152,22152.0
7607,7586.071428571428
6128,4636.689346463742
5037,5644.02434385698
75721,73649.0
12453,12543.0
3948,8471.8
15446,14436.6
38099,49906.99441340782
5780,5558.036855036855
5280,4690.2
20356,20356.0
5949,5952.409090909091
5654,7539.476190476191
5955,9657.857142857143
1776,1776.0
60978,66157.0
72201,72201.0
2409,2409.0
3393,3393.0
7081,7742.8
6461,7466.52
5380,5349.224696356276
3916,4459.051698670605
44405,44405.0
29954,29954.0
60260,68149.66666666667
64285,71266.33333333333
20760,20760.0
70431,72172.8947368421
56702,54292.560160427805
9178,11821.323040380048
17131,19175.0
1543,1543.0
20433,9201.0
7834,8240.42857142857
7504,6774.5
22140,22140.0
4934,5020.153846153846
4452,7863.727272727273
11478,16038.833333333334
57057,62884.25242718447
7530,6795.0
2410,2410.0
49725,49753.37128712871
3986,3986.0
62591,62591.0
13875,8798.33744855967
32881,42421.28571428572
49725,49725.0
4672,5034.363184079602
7424,8275.263888888889
4732,5349.224696356276
3357,5308.596713021492
7488,7489.125
13536,9084.5
51819,55901.5
5955,6114.176470588235
53152,53827.328125
6133,6277.479057591623
6319,5655.272
4229,4430.769704433497
52287,60829.01438848921
6080,6499.854368932039
51595,51595.0
2901,2902.6296296296296
2477,2581.4133333333334
28510,28510.0
4111,4206.059431524548
54608,54867.5100671141
4385,4402.011111111111
6009,6009.0
15065,13894.833333333334
12118,13015.847058823529
12453,14369.5
6172,5644.02434385698
4815,2098.0
44144,50984.898305084746
2723,2898.0588235294117
6137,4797.646464646465
3999,4101.6
2694,2842.0526315789475
16176,12381.142857142857
3236,3372.5
8116,5558.036855036855
60260,60260.0
1543,1543.0
37985,47557.390625
5772,5644.02434385698
24122,24122.0
4007,4007.0
44546,44546.0
13121,13352.285714285714
6032,5644.02434385698
44144,49906.99441340782
3862,3861.672727272727
2728,2728.0
51819,66082.5
4836,4556.192307692308
11520,11821.323040380048
10018,10177.85
3402,4726.278053624627
66928,66928.0
5670,5610.180487804878
6287,5672.04289544236
3374,2004.0384615384614
4071,4397.228260869565
5177,5358.661512027491
60232,53848.57763975155
6956,7161.0
4648,4648.0
4660,4765.239130434783
48079,48079.0
3090,3090.0
27792,27792.0
12546,12546.0
9955,11620.666666666666
4137,4818.360360360361
3988,4636.689346463742
5012,4999.5
5954,5594.25
13032,12886.2
2278,2278.0
1924,1924.0
79349,80794.81818181818
53440,53440.0
2621,2556.8333333333335
4348,4535.966592427617
5910,6250.028985507246
13874,10951.694736842106
9277,9988.5
6158,5853.651685393258
7527,10631.55
1977,1977.0
2359,2516.0
4755,7795.759036144578
4971,5561.449591280654
5708,5557.282878411911
5018,6058.140992167102
6921,5558.036855036855
10271,10288.333333333334
15268,10819.166666666666
5815,4970.952586206897
54841,52999.44613821138
2201,2201.0
20684,20684.0
4893,6388.017543859649
60260,58897.12380952381
58125,59513.21052631579
5885,4950.626623376624
4874,5557.282878411911
3393,3902.4285714285716
3334,4098.921760391198
51000,56334.5
50361,52999.44613821138
4757,5412.739130434783
6354,6388.017543859649
4453,5062.75
3014,3014.0
9201,14177.8
60508,57031.6
2336,2353.8695652173915
4019,3351.4418604651164
60160,56777.10739856802
4387,5574.288511749347
13054,14398.527777777777
12150,11275.693548387097
7927,7927.0
15930,11373.87786259542
2456,2556.8333333333335
52287,56978.78531073446
58212,50539.99750623442
60508,60508.0
3980,7408.75
5823,5983.236363636363
56702,64847.84848484849
67004,69654.66666666667
9073,6804.4
52175,64021.57142857143
3150,3150.0
52175,53066.166666666664
11129,10783.0
11403,11355.25
15615,14817.0
13443,13366.0
6775,6245.811188811189
55377,57153.0
7053,7172.0
4863,3626.25
11488,11488.0
5955,5314.0
102114,86701.0
4893,6388.017543859649
3940,3868.818181818182
5943,6597.138888888889
76605,69818.21052631579
5100,5720.68115942029
54841,57845.31578947369
17042,17475.0
11675,12523.0
5949,5959.37037037037
74594,54292.560160427805
6294,5772.153846153846
2201,2201.0
6672,11304.75
55377,57985.882352941175
5629,5557.282878411911
6601,5424.765822784811
44144,51987.22857142857
2201,3068.4
60978,64891.67391304348
5495,4946.214285714285
9241,11224.314814814816
17043,14211.0
5954,6245.811188811189
8198,7061.380952380952
37985,49906.99441340782
15720,6947.0
56476,56476.0
7489,7773.6
6105,5191.768
68303,68303.0
3961,3961.0
4249,4312.0
6292,5929.056818181818
56991,57394.2
13128,12020.583333333334
7749,6488.25
5284,5987.666254635352
4069,4465.884615384615
5949,5960.696428571428
58125,60850.333333333336
2476,2418.6968325791854
66928,67231.63218390805
3574,4459.051698670605
5685,4987.175675675676
4555,4257.0
20684,20684.0
42457,43794.32307692308
51875,50773.45569620253
4501,4501.0
6122,6473.331360946746
50271,49853.97175141243
15183,14631.75
1788,1788.0
7412,7294.875
40296,35447.325
3610,5761.397435897436
11335,13770.0
12318,11014.87037037037
4498,4505.289617486339
6284,5522.0
6262,6262.0
51595,51595.0
8198,7627.25
53440,56777.10739856802
47586,47586.0
43729,58897.12380952381
7426,5954.0
6717,5476.201388888889
33853,22846.25
4944,4209.0
60631,60631.0
44081,38453.0
6568,6886.617737003058
3401,3401.1666666666665
63218,64850.0
4173,4430.769704433497
10961,10961.0
14364,14258.862745098038
3096,3096.0
10050,11368.2
8111,8111.0
2208,2208.0
3572,3522.9714285714285
2124,2883.7321428571427
6287,5672.04289544236
5685,5191.768
2124,2128.2926829268295
39377,41365.0
3014,3014.0
59649,51697.0
17724,17992.25
3090,3090.0
4141,3629.4
39783,39783.0
3998,4535.966592427617
8386,6930.466666666666
5303,6280.436363636363
11205,11681.026315789473
3334,4098.921760391198
24056,24056.0
11310,11310.0
54608,54608.0
3423,3392.5
7135,6955.25993883792
3243,4163.925925925926
4094,4084.2597402597403
54684,54684.0
5530,5407.285714285715
36700,37427.27272727273
2436,2436.0
52287,55691.8
5949,5952.409090909091
7674,7570.6
72671,68423.0
8112,8175.0
4359,6907.007299270073
39499,39499.0
5606,5956.276363636363
6788,7908.549019607844
53209,53209.0
6133,5549.254237288135
51707,51707.0
37233,37233.0
6450,6473.331360946746
4275,2240.4
4210,4000.0
4856,4856.0
51707,51707.0
3096,3092.7580645161293
4672,5648.42
57393,61896.75
4617,5132.857142857143
4028,3943.903448275862
13588,13540.0
3993,4810.366421568628
44144,44144.0
11520,11993.555555555555
5227,5308.596713021492
6122,6473.331360946746
8434,9344.0
49856,44144.0
3453,3036.0
3450,3450.0
6129,5609.560747663551
11508,11398.434782608696
6633,6633.0
2480,2480.0
7790,7790.0
8890,9048.666666666666
3916,4430.769704433497
11383,11924.177777777777
22140,22140.0
4783,4810.366421568628
55983,56464.70138888889
74844,72133.8198757764
59021,59021.0
3988,3822.138576779026
11520,11821.323040380048
51457,49906.99441340782
6075,5883.958333333333
12990,12322.209302325582
6578,6801.111111111111
8067,8315.0
2738,2830.5
3153,3153.0
32923,33753.84782608696
4139,2458.782608695652
79099,72599.3870967742
8029,7447.469208211143
57017,59005.0
8112,8511.119658119658
72237,73413.0
1694,1694.0
6343,6227.179487179487
3361,3440.375
53164,56098.5
5697,5411.5
4000,3999.5
50297,50297.0
56702,56702.0
48851,48851.0
6475,8180.8
5292,5292.0
4672,5929.780303030303
11088,11468.0
9879,9139.75
6287,4702.744827586207
4294,4402.011111111111
5550,4830.393103448276
57405,57405.0
62617,61420.692307692305
10457,10851.875
61933,68518.6
6489,6489.0
47657,47657.0
53186,54082.0
55983,55214.46428571428
3819,4430.769704433497
3096,3068.5714285714284
28510,28510.0
27864,34080.0
2359,2359.0
4368,5617.912133891214
3987,3515.5714285714284
3100,3100.0
4451,5160.5
10118,12000.5
3592,4430.769704433497
4172,4638.184615384615
54481,54727.51851851852
5322,5953.333333333333
3918,5224.0
6275,5191.768
7774,7774.0
4915,3837.5625
5949,5959.862068965517
60396,60396.0
44144,49906.99441340782
60978,57186.31914893617
3989,5987.666254635352
2124,2124.0
1890,1890.0
51707,51707.0
79954,53688.354838709674
54608,54867.5100671141
4757,5678.636363636364
49725,49753.37128712871
7683,7084.192727272727
49896,49896.0
7221,7001.258064516129
15930,11373.87786259542
11520,11821.323040380048
1714,1714.0
4757,5412.739130434783
4609,3992.714285714286
68743,69291.8
4933,6223.0
27792,38171.5
45805,45805.0
3346,3504.3333333333335
3191,6492.714285714285
56588,47367.76190476191
8381,11383.48051948052
6437,5387.724537037037
40593,40593.0
5954,5951.0
53937,59610.62790697674
2464,2418.6968325791854
15466,23393.333333333332
4892,5468.25
2339,2993.4444444444443
7413,7413.0
36980,36980.0
10534,12179.60606060606
5178,5335.5
7702,8400.5
2050,3667.1428571428573
8816,7447.469208211143
56588,58760.888059701494
5334,6280.562962962963
4067,3868.0
64700,59487.794117647056
4939,3675.5
38300,33820.0
1776,1776.0
62314,69323.14285714286
4653,5944.568181818182
4099,4363.234375
8641,9391.4
4354,5829.304347826087
64285,64285.0
6324,6247.985185185185
56058,56058.0
5177,6249.015463917526
4028,3943.903448275862
4363,4430.769704433497
5007,5273.387096774193
10175,9526.342105263158
62255,59735.0
4111,4508.803858520901
5654,5558.036855036855
42521,42521.0
4173,4430.769704433497
7992,7303.25
3014,3014.0
3361,3521.3953488372094
44144,44144.0
6117,4636.689346463742
6568,6886.617737003058
6109,6106.216216216216
2901,2975.285714285714
5322,5929.780303030303
5960,6064.4375
66697,47865.666666666664
4658,4673.2
8444,9518.714285714286
5209,5171.59375
6319,5655.272
14150,11924.177777777777
6270,15838.9
74273,66737.92125984252
45883,46243.954545454544
4170,3834.0
3862,3894.0
7425,7769.326086956522
55377,55446.51724137931
5734,5557.282878411911
49553,50299.140969162996
7959,7490.6
4499,4499.0
8642,6875.0
24056,24056.0
6488,7690.727272727273
6177,6210.25
41652,41652.0
39321,39321.0
2994,3566.0
2203,2203.0
5206,5102.395415472779
3450,3450.0
6412,5929.780303030303
12408,11788.6875
2723,3169.3030303030305
6009,6009.0
13339,13257.8
4979,4950.626623376624
27864,27864.0
55983,54781.92307692308
5881,7002.166666666667
62524,63127.0
45693,45693.0
54684,54684.0
45185,49155.5
2339,2803.6
24056,24056.0
3346,3504.3333333333335
4499,4084.5
6195,5941.944444444444
9798,10236.75
3782,3570.0
53152,53827.328125
3010,2339.0
7484,4078.3333333333335
69168,70866.11688311688
51345,52636.08928571428
2343,2519.4
3862,3862.0
32634,32634.0
5915,5557.574712643678
10054,5299.666666666667
6489,6620.0
4336,4084.2597402597403
55983,55937.48888888889
67004,58790.666666666664
68303,73074.2
32770,37668.0
10680,11383.48051948052
51707,51707.0
27976,27976.0
4498,4505.289617486339
3245,3663.4761904761904
51457,54292.560160427805
5177,8679.444444444445
6068,6535.0
8111,8143.083333333333
36980,36980.0
3866,4636.689346463742
4499,4499.0
5698,4301.357142857143
8186,8400.5
62591,68153.27118644067
6476,5034.363184079602
4094,4402.011111111111
7304,6543.392857142857
69885,61429.0
47657,45605.442307692305
2105,2105.0
53937,53385.0
13083,11293.0
36577,36577.0
55377,55377.0
41064,41273.45945945946
5282,4458.4
11101,9521.0
3014,3014.0
3393,3902.4285714285716
58125,60482.029411764706
4593,4461.6
7352,6752.6
5820,5110.721739130435
55502,55502.0
41314,41456.71621621621
5772,5644.02434385698
12453,11924.177777777777
2074,2074.0
4691,6448.7958532695375
10374,10962.0
16169,11946.5
15846,11275.693548387097
5117,4504.285714285715
4496,4508.803858520901
3000,3000.0
56702,58760.888059701494
5090,5998.945945945946
3862,3862.0
4229,4827.617260787993
5499,8431.684210526315
4502,4531.935294117647
45776,49853.97175141243
1966,1469.8947368421052
45693,45693.0
4173,4636.689346463742
59033,59033.0
4747,4459.051698670605
66928,67583.8350515464
6067,6067.0
4086,4221.0
3000,3000.0
53164,53164.0
68721,56404.0
5949,5960.696428571428
48851,48851.0
42521,48140.76470588235
3498,7580.0
20827,9277.0
6749,6788.0
5352,5133.0
7424,6458.642857142857
12990,12322.209302325582
4071,4397.228260869565
74640,74284.5
3940,7122.739130434783
8776,12889.009708737864
4086,5644.02434385698
4702,4827.617260787993
52063,52605.61481481481
18620,15817.666666666666
5542,5644.02434385698
1966,1561.2
53164,57859.2
41281,42924.75
53499,54814.0
7387,11370.166666666666
6437,5308.596713021492
16923,8585.666666666666
5953,5953.0
4648,5788.0
71708,71938.36363636363
6395,6154.454545454545
6287,5648.42
4325,4459.051698670605
67004,65781.0
4165,4726.278053624627
56702,48785.27142857143
10668,11403.75
54896,54896.0
6120,5191.768
49553,50776.36029411765
5949,5959.862068965517
3253,4376.060747663551
11205,12021.27
4086,5644.02434385698
2665,3174.181818181818
5943,5993.142857142857
12371,9243.142857142857
3509,3537.872340425532
35554,35554.0
41113,41113.0
60160,61485.333333333336
4500,4505.289617486339
5892,5672.04289544236
52175,54366.666666666664
6038,5574.288511749347
41281,41281.0
10058,9918.964285714286
5939,4636.689346463742
7490,7206.857142857143
6569,5046.095744680851
6437,5387.724537037037
4069,3912.0931677018634
4755,4739.454545454545
78316,74745.93333333333
9840,10680.0
3727,3727.0
56476,56476.0
46097,53848.57763975155
16633,12703.232558139534
58315,60833.75409836065
6159,5952.409090909091
14856,15173.8
11739,15790.714285714286
19669,16811.571428571428
31436,31436.0
9105,9134.833333333334
5818,5609.560747663551
6300,5574.288511749347
4230,4488.653136531365
3362,3388.75
14266,13456.261904761905
49613,49687.117647058825
13122,11258.5
5892,5410.867678958785
7081,7055.3
3389,3444.3636363636365
72425,61525.57142857143
5724,3732.25
2201,2201.0
5388,5058.784172661871
5185,4702.744827586207
6578,7001.258064516129
56588,47557.390625
4827,4763.81220657277
3580,4349.833333333333
4672,4888.6682242990655
51457,54292.560160427805
9771,8798.33744855967
60260,63276.862068965514
3709,5318.454545454545
30092,22140.0
111964,77911.83333333333
73369,67031.83636363636
7866,7114.2
4007,4301.357142857143
3093,3223.0
58125,59001.666666666664
50271,51064.46875
5206,5558.929961089494
7838,6448.7958532695375
57992,59112.0
6734,6483.293193717277
67141,70661.0
2050,3692.5
5740,4726.278053624627
6489,6620.0
4354,5358.661512027491
5399,4950.626623376624
9735,11711.333333333334
2447,2985.5
3591,3850.0
2124,2271.4
58562,62316.75
14202,10950.5
5949,8830.25
55983,61636.565217391304
49207,49207.0
5178,4395.125
60260,54292.560160427805
6067,6067.0
11650,13167.714285714286
11696,11373.87786259542
44144,44144.0
4496,5102.395415472779
40369,39036.25
79815,55643.0
49725,49753.37128712871
13524,12822.84375
51817,51817.0
6437,6437.0
7426,7426.0
5102,5102.0
5507,6024.330033003301
25600,27306.8
57140,105366.0
11783,12922.42857142857
4979,4508.803858520901
8528,7202.818181818182
3959,4376.060747663551
9798,11472.413793103447
49613,49669.96551724138
6355,4045.3684210526317
8130,8798.33744855967
6308,5940.0
4020,4152.0642570281125
57081,52999.44613821138
2228,2565.064
54608,54608.0
4249,4337.548387096775
3862,4056.0
53743,53743.0
54684,55024.328571428574
49207,50455.0
5805,5557.282878411911
7104,7104.0
4819,4610.0
57920,59703.288265306124
14355,11383.48051948052
7150,7774.0
67004,58790.666666666664
2410,2410.0
11129,10783.0
7145,6721.264367816092
9433,10924.5
4111,5410.867678958785
4020,4773.775362318841
6229,5476.201388888889
24056,24056.0
8427,7084.192727272727
51707,51707.0
57939,57939.0
6786,8119.0
7442,4459.051698670605
28510,28510.0
15939,12331.75
4453,4376.060747663551
65832,65832.0
5772,5308.596713021492
51817,51817.0
5284,5196.891891891892
5102,6058.140992167102
50810,51450.0
9840,9840.0
5955,6114.176470588235
60978,60829.01438848921
7352,7388.083094555874
60508,64981.0
12408,12020.583333333334
5060,4702.744827586207
7563,12207.707182320442
6437,6430.4
2613,2365.659090909091
5954,5980.333333333333
9457,10764.666666666666
39847,39847.0
61049,61049.0
5467,5746.465346534654
53835,53835.0
9433,9433.0
9879,10628.8
7448,7202.818181818182
21979,19816.0
4979,9019.2
62793,54015.785454545454
8040,6956.25
3471,4702.744827586207
6966,5558.929961089494
4427,4427.0
4979,4508.803858520901
70323,63762.142857142855
10450,11160.857142857143
4596,4087.5
48795,48317.56451612903
5178,4904.9375
24056,24056.0
8589,8624.0
4672,5179.5
7487,8679.444444444445
3754,4730.428571428572
48948,48948.0
60160,60837.333333333336
22271,15901.0
2393,2393.0
12571,10378.375
5768,7513.56
6489,7375.235294117647
74365,77015.66666666667
49553,49553.0
2201,2256.5
1998,5582.571428571428
6568,6454.495145631068
2410,2410.0
4871,5328.571428571428
44280,54292.560160427805
6082,5799.32284768212
4337,5358.661512027491
6568,6886.617737003058
5954,10071.29411764706
4452,4535.0
64113,66138.58436213991
6186,6501.5192307692305
42521,43239.5
3446,4763.0
5817,5720.68115942029
61933,63921.0
6213,6286.2
12813,12013.4
52287,52287.0
11129,11565.703703703704
13866,14303.25
7877,7877.0
6489,6489.0
53164,53164.0
5206,5777.44055944056
4933,4987.175675675676
8186,8391.66
4027,4111.8
59290,54893.5
4779,4257.011363636364
4111,4416.626666666667
7237,7237.0
61933,61933.0
4449,5334.2
1604,1604.0
5179,5179.0
37985,37985.0
4914,4774.25
51457,53141.0
6690,6597.138888888889
47205,47205.0
5292,5628.571428571428
56476,56476.0
5178,5243.285714285715
45257,46489.91724137931
62045,64975.666666666664
10744,11373.87786259542
5004,4726.278053624627
7653,7202.818181818182
5507,5507.0
69168,70005.05263157895
4387,5574.288511749347
5798,4638.184615384615
67710,67710.0
4452,4354.595744680851
10785,12889.009708737864
42457,42713.51612903226
2723,2723.0
34460,34460.0
10374,10962.0
14994,13491.3
4202,6603.75
5523,5830.107438016529
8319,5318.454545454545
7212,6886.617737003058
8578,7122.860294117647
10425,10425.0
3014,3014.0
4173,4459.051698670605
4439,3577.0
9201,12103.285714285714
7774,7774.0
42521,42521.0
8059,6956.25
54684,55578.08571428571
3988,3822.138576779026
4496,4705.523809523809
49613,50749.0
4454,3948.3333333333335
11129,11373.87786259542
53937,57290.01242236025
43376,43376.0
54777,54777.0
11129,11515.333333333334
5660,5747.5
5114,5728.335968379447
58282,58372.6
58032,49906.99441340782
6489,6489.0
43865,43865.0
8055,8755.0
37985,54292.560160427805
8112,8511.119658119658
1551,1551.0
4211,5157.166666666667
41064,41169.681818181816
3916,4763.81220657277
12401,13683.0
47657,47657.0
6450,6248.078125
8560,6595.5
61889,55006.95744680851
46097,46097.0
3175,2480.0
49725,51013.36363636364
45693,45693.0
5750,5302.843137254902
7575,6448.7958532695375
6072,6553.016949152542
51595,51674.991150442474
5292,6578.2
53743,53743.0
4789,4987.175675675676
4417,4726.278053624627
1890,1890.0
4827,4763.81220657277
5765,6170.25
12315,11673.75
37985,49906.99441340782
6568,6517.857142857143
7704,5966.768439108062
6633,6813.38
45693,45693.0
3959,4896.636363636364
11129,12021.27
11205,11821.323040380048
51707,52105.48484848485
34472,28312.0
7387,7393.066666666667
6262,6454.495145631068
24122,24122.0
37985,37985.0
2124,2124.0
44280,44438.666666666664
5549,5644.02434385698
54684,54684.0
4496,4508.803858520901
6109,6109.0
60555,62061.21111111111
6311,5632.0
4807,4358.5
12150,12407.894736842105
9840,9840.0
4904,3644.0
5818,5557.574712643678
6163,6840.111111111111
54608,54608.0
69168,73625.95
4674,5096.725490196079
60160,56777.10739856802
68303,83096.5
4501,4505.289617486339
4755,5387.724537037037
6262,6437.0625
50969,52633.0
10701,11209.0
4896,4508.803858520901
4205,4152.0642570281125
62625,55024.328571428574
10510,9455.57142857143
23944,23944.0
4024,3980.176470588235
12138,12488.14953271028
3100,3100.0
4234,2365.659090909091
7425,7935.866666666667
4896,4791.068736141907
5152,4726.278053624627
6869,12971.5
49613,49708.0447761194
2410,2418.6968325791854
4926,5987.666254635352
5892,5410.867678958785
9868,7927.75
3569,3719.0
58315,59905.4
49553,50776.36029411765
3568,4152.0642570281125
2201,2201.0
38099,38678.59482758621
16423,15439.625
45600,45600.0
4086,5308.596713021492
49177,53848.57763975155
4933,5191.768
3393,3393.0
5177,7785.0
3843,4946.214285714285
6032,6032.0
4099,4290.875
9840,11911.5
13956,13672.15
2723,2723.0
4792,4792.0
1543,1904.0
65529,65529.0
37929,49227.90909090909
5042,7162.428571428572
35532,35532.0
60396,60805.67010309279
4896,4791.068736141907
5987,8454.285714285714
6356,5542.75
9136,9865.25
8112,8175.0
13728,15823.5
61933,62238.846153846156
51817,51817.0
11520,10332.625
8029,7447.469208211143
3646,3646.0
4896,4508.803858520901
5530,5046.095744680851
56588,54292.560160427805
5888,5888.0
3962,4174.0
49725,53701.0
5289,5557.574712643678
13182,14448.75
3471,4702.744827586207
39321,39321.0
20684,20684.0
7490,7397.0
11520,11821.323040380048
3397,4000.4285714285716
6518,5724.285714285715
39610,39874.529411764706
52392,53848.57763975155
6048,6062.4
3826,4402.011111111111
6488,7388.083094555874
49613,49613.0
42457,42457.0
20760,21674.0
69244,70592.6261682243
7425,7597.341463414634
7433,8798.33744855967
8224,8140.2
36700,36700.0
3860,3872.24
61583,61583.0
48851,48851.0
1776,1682.8
8440,8241.79411764706
57057,57057.0
54777,57427.666666666664
4500,4500.413043478261
45883,45883.0
6577,5410.867678958785
4995,11113.285714285714
81309,68637.0
56588,49906.99441340782
66928,64574.017699115044
5252,5944.568181818182
51817,51817.0
35532,35532.0
6389,5358.661512027491
2051,3364.9444444444443
5561,4715.5
4436,4702.744827586207
7352,10581.0
37985,37985.0
4649,5349.224696356276
3471,4702.744827586207
78898,67572.3870967742
4979,5308.596713021492
6489,6554.945945945946
8300,6124.857142857143
64225,57431.333333333336
6502,4777.4324324324325
6339,6016.111111111111
1890,2172.6
8193,8770.5
39499,39499.0
55983,55937.48888888889
11508,12855.0
10091,6471.714285714285
4165,4970.952586206897
3282,3287.8
49553,50776.36029411765
8442,7221.375
2723,2871.8
2124,2124.0
67601,67601.0
41101,41101.0
13817,11399.0
44081,44081.0
65529,65529.0
10425,10447.375
5888,5830.283950617284
5985,3924.3333333333335
9879,12021.27
3453,3453.0
4359,5672.04289544236
6489,6684.2
6067,6944.0
50810,50810.0
9068,6005.4946236559135
61583,63571.0
17548,17548.0
7569,5988.486486486487
12939,11869.0
6257,5385.6
64173,64173.0
7212,6886.617737003058
51595,51398.61538461538
84222,91138.0
10143,10023.0
2476,2468.2820512820513
6258,5726.333333333333
57057,58737.0
49354,47770.57142857143
51707,58598.25
4294,4138.523178807947
5556,5191.768
39847,39874.529411764706
4674,4702.744827586207
5145,6058.140992167102
45257,45257.0
11078,7795.759036144578
60396,60396.0
10081,10538.166666666666
2050,2050.0
55347,50773.45569620253
10069,11886.481481481482
14680,12490.42857142857
53757,45805.0
3939,3754.0
5622,5644.02434385698
11876,8581.57142857143
6132,6132.0
54684,55024.328571428574
3393,4163.603448275862
10273,7837.538461538462
2750,2860.25
44280,44280.0
6342,4763.81220657277
43910,43910.0
2124,3034.8
4387,4946.214285714285
2150,2150.0
56588,49906.99441340782
6172,5644.02434385698
5939,7043.0
16212,15939.25
1890,1988.7627118644068
4506,4791.068736141907
3346,4508.803858520901
54608,54620.448979591834
2482,2542.1428571428573
9840,10094.461538461539
3979,4636.689346463742
7426,7426.0
8981,10848.833333333334
4691,5644.02434385698
36577,38453.0
47429,47429.0
4545,4827.617260787993
64139,49906.99441340782
5029,5617.912133891214
5625,4636.689346463742
8112,8511.119658119658
64113,75190.71428571429
5399,4950.626623376624
4783,4636.689346463742
59254,61896.75
4000,4000.0
4617,5722.25
54777,54777.0
6461,6461.0
3574,4218.21875
7172,7380.0
3999,4129.0
7925,7591.0
49725,49687.117647058825
64173,56735.617100371746
10349,7085.25
2410,2418.6968325791854
24971,18764.428571428572
1714,1714.0
60508,69266.5
72335,65967.66666666667
4111,4508.803858520901
1543,1621.6923076923076
7236,5045.0
3988,4430.769704433497
51595,51595.0
57939,34354.0
8014,7883.0
60978,56978.78531073446
24056,24056.0
54684,54727.32558139535
6583,7259.8
39499,39499.0
5092,4726.278053624627
4499,4499.0
39499,39499.0
41269,42237.75
29170,29170.0
5641,6058.140992167102
8822,11847.857142857143
5953,3133.25
9201,9358.375
56590,56590.0
4907,4638.184615384615
5654,5654.0
42521,43239.5
13287,8702.71
2436,2480.8571428571427
44280,49906.99441340782
4393,4896.636363636364
59033,59033.0
9828,9933.0
7412,7520.833333333333
3401,4060.5
4927,4430.769704433497
7141,7361.8
12538,11139.0
5616,5663.714285714285
5954,6188.066666666667
56590,56590.0
6461,8892.5
3961,3961.0
1925,3393.5
65529,65529.0
6444,6398.268965517242
66779,72599.3870967742
4390,3352.777777777778
4979,5644.02434385698
3762,7121.867647058823
8579,8834.5
6395,6188.066666666667
4501,4500.413043478261
4499,4505.289617486339
61874,67785.47619047618
2124,2408.2
2124,2883.7321428571427
51697,51697.0
4417,4726.278053624627
53152,53152.0
53209,53209.0
7571,7327.75
48851,48851.0
44682,44682.0
9907,6577.818181818182
4806,4873.166666666667
3096,3096.0
7408,7695.8
44144,49906.99441340782
6702,5997.166666666667
14313,8570.5
7806,8262.42857142857
6712,4638.184615384615
3496,3579.269230769231
6158,6493.598930481284
5418,6434.899082568807
3393,3393.0
16149,14754.0
2150,2201.0
39622,49896.0
17738,17738.0
4665,4733.4
60978,61767.333333333336
51707,51707.0
51117,51117.0
57992,59054.1935483871
53209,53209.0
49613,49998.607142857145
50271,50539.99750623442
5178,5825.5
10732,10732.0
9840,10374.545454545454
2477,2477.0
44280,49906.99441340782
9214,7439.688888888889
4393,4376.060747663551
4496,4496.0
42457,42457.0
52175,52175.0
5226,5580.0
1443,1443.0
60508,60508.0
7978,6501.5192307692305
4702,5574.288511749347
47429,47429.0
4827,4551.084415584415
7489,7597.341463414634
16429,16038.833333333334
4496,4508.803858520901
10794,12356.25
2361,2581.4133333333334
56590,56590.0
3512,3573.3333333333335
3385,2203.0
4977,5084.256097560976
2410,2842.0526315789475
3521,3439.3333333333335
3671,3735.0
4387,4186.380952380952
3379,3379.0
5441,5648.42
11129,11924.177777777777
2124,2124.0
6510,7122.860294117647
7021,7031.0
5942,4810.366421568628
4613,4613.0
5660,5747.5
11520,11592.692307692309
49207,49207.0
50969,52633.0
66928,70866.11688311688
3962,5830.411764705882
3862,3862.0
7978,6249.015463917526
4028,4004.467248908297
56476,56476.0
5954,6179.433333333333
4426,5963.827586206897
45693,45693.0
10523,9809.235294117647
2901,2901.0
4028,5213.333333333333
3843,5321.174721189591
13398,12021.27
3381,3381.0
3980,4769.5
7412,7411.928571428572
6296,5644.02434385698
4417,6077.166666666667
100909,86417.25
54841,54015.785454545454
49613,56735.617100371746
5206,5206.0
64113,65529.23655913978
66063,72027.0
5152,5059.954545454545
5823,5956.276363636363
60978,57186.31914893617
9201,9952.0
10175,9553.5
53645,52008.21985815603
4960,5117.0
3754,5424.765822784811
54115,54937.342342342345
8719,8798.33744855967
9905,10992.283018867925
3862,3862.0
52392,53848.57763975155
1776,1891.4
5441,6248.078125
13883,7837.538461538462
6105,5191.768
5178,4537.666666666667
4262,4262.0
13687,8862.4
7919,6556.428571428572
7304,6543.392857142857
27864,27864.0
4027,4031.0
5939,12718.5
3379,3379.0
3393,3479.5
2410,2410.0
5530,5046.095744680851
7489,8011.75
54608,54608.0
11036,12006.833333333334
5224,6473.331360946746
8722,9634.4
53743,55731.0
52380,50365.23880597015
60508,72196.16666666667
11069,12583.0
4020,4152.0642570281125
11829,11684.5
5177,5829.304347826087
5639,5358.661512027491
31436,42104.0
49177,53848.57763975155
57742,57742.0
10425,10629.0
5467,5830.107438016529
8043,8043.0
9168,11388.857142857143
7489,7489.0
5314,5084.256097560976
5320,7428.914893617021
68184,61969.51351351351
91756,63672.0
53937,55527.4
1603,1603.0
6295,4636.689346463742
2276,2418.6968325791854
6333,6433.0
12054,12127.606557377048
7959,7919.75
44144,44144.0
3980,9383.57142857143
12544,11681.026315789473
69168,69085.64705882352
4942,4830.393103448276
7127,7513.56
8798,7486.5
4554,4726.278053624627
6067,6067.0
5292,5292.0
44081,44081.0
9371,7493.090909090909
4210,6370.0
18523,21380.263157894737
41281,41281.0
20352,15275.285714285714
3093,3182.0
7081,7447.469208211143
4111,4508.803858520901
8718,7359.5
61873,77348.75
5033,4535.966592427617
60701,51517.0
13386,13386.0
3654,5321.174721189591
7938,5796.637254901961
8433,8433.0
61933,62238.846153846156
2410,2840.75
4977,4987.175675675676
49553,49641.98701298701
51697,52058.454545454544
2228,2318.8206896551724
4189,4031.872340425532
5060,4765.239130434783
5321,5059.0
5954,12234.8
56590,56590.0
5352,5625.714285714285
47585,45413.57142857143
23484,23484.0
1714,1714.0
8927,10955.047619047618
51595,51674.991150442474
8790,8251.390243902439
5276,7121.867647058823
1890,1890.0
55377,55377.0
50271,50892.470588235294
3013,3433.5
52287,63271.8
7959,12285.0
81284,81284.0
16423,16568.428571428572
44144,44144.0
5519,5987.666254635352
56590,56590.0
37985,49906.99441340782
3845,3664.2
66155,67470.0
2835,3108.6
53152,53827.328125
53152,53152.0
7487,7388.083094555874
5823,5929.056818181818
7496,7526.8
60508,60508.0
64633,59610.62790697674
61933,68518.6
7584,7584.0
5955,6114.176470588235
2658,3095.5
2476,2796.0
2464,2700.25
62617,61420.692307692305
6688,5966.768439108062
3855,5131.623287671233
4896,4606.445103857567
4190,3870.1666666666665
1105,1105.0
74880,67583.8350515464
2201,2201.0
45883,45883.0
4896,4830.393103448276
65872,60837.333333333336
7232,7451.272727272727
10919,10879.25
6502,5625.714285714285
50361,52999.44613821138
9201,9201.0
7490,7514.0
50361,53590.67272727273
5956,9659.857142857143
31622,31622.0
14939,15634.0
7352,7387.0
4612,4152.0642570281125
6502,5799.32284768212
6578,6398.268965517242
2339,2339.0
14524,15915.4
4007,4007.0
5772,5644.02434385698
31773,11450.833333333334
3288,4797.646464646465
52287,60829.01438848921
6489,7968.0
5955,7634.966666666666
2124,2124.0
5103,5380.571428571428
4827,5058.784172661871
91465,71135.37089201878
4165,4810.366421568628
3611,3048.5
6405,11612.57142857143
4969,6058.140992167102
52287,60829.01438848921
11854,10270.125
51875,52999.44613821138
2836,2836.0
49725,49753.37128712871
8016,8561.541666666666
49613,49669.96551724138
41269,41269.0
5761,5644.02434385698
12045,13733.75
51817,62884.25242718447
55983,60303.0
16980,11924.177777777777
45693,45693.0
62625,55024.328571428574
54608,54608.0
10680,10688.076923076924
3563,4726.278053624627
6631,6818.181818181818
50810,50810.0
37668,41111.25
13225,12556.714285714286
7012,7164.75
4939,6072.719178082192
2022,2386.6285714285714
5101,7109.333333333333
60396,54292.560160427805
8422,7061.380952380952
3466,3651.1617647058824
2723,2723.0
16359,12968.5
29776,29776.0
13728,14919.6
69168,73625.95
7877,8417.57142857143
12779,11701.25
75721,69047.11764705883
24122,24122.0
6753,4879.2
6159,5979.0
2410,2410.0
69168,69168.0
60396,60805.67010309279
41101,41101.0
13926,11836.25
5102,5102.0
28872,28334.4
60365,61248.555555555555
4678,5557.282878411911
64285,64285.0
4570,5157.59375
3129,3557.4285714285716
6172,5644.02434385698
2410,2561.448275862069
51817,53245.0
10680,13274.166666666666
2552,2489.25
3911,3462.5
6450,6473.331360946746
4496,4496.0
4876,4551.084415584415
4229,4430.769704433497
56476,58044.0
36577,36577.0
5441,5907.567307692308
5960,6290.777777777777
6324,6324.0
6883,6448.7958532695375
49613,49613.0
46097,46097.0
3334,3350.6666666666665
6502,5799.32284768212
5227,5644.02434385698
3916,4459.051698670605
9735,9851.888888888889
5805,6351.211576846307
60508,60508.0
9591,11358.142857142857
49177,51987.22857142857
55377,56464.70138888889
63577,70510.17142857143
6510,7122.860294117647
49613,55829.0
95088,71135.37089201878
4499,4499.0
6458,6471.857142857143
45883,45883.0
42457,43794.32307692308
4979,5644.02434385698
4909,5561.449591280654
1830,2150.5348837209303
2564,1870.5714285714287
4780,5046.095744680851
13498,10446.783333333333
6488,6422.5
4067,4142.12
6015,5827.428571428572
12118,12277.79411764706
2835,4193.75
2201,2201.0
3336,3925.6048387096776
4971,4982.25
47395,50773.45569620253
2050,2306.875
5953,7803.0
11488,11488.0
5690,6456.609022556391
5939,7294.875
15648,6466.8
84756,97420.5
44144,44144.0
55502,57686.0
4502,4505.289617486339
3357,3357.0
3855,5046.095744680851
8332,8391.66
62045,71369.0
6292,5777.44055944056
69168,69818.21052631579
5177,5177.0
45185,45185.0
45883,45883.0
53152,53152.0
44025,44025.0
3393,3393.0
11319,10783.42857142857
7352,7352.25
53152,53152.0
72339,76595.0
39859,39859.0
10156,10392.25
51345,52064.4674556213
83113,74108.2
59021,68233.0
8502,6181.5
56991,57394.2
56513,44081.0
57565,57259.545454545456
17794,17794.0
5888,5799.32284768212
10962,10098.833333333334
17738,17738.0
6356,6356.0
8777,8281.6
11059,11084.217391304348
13524,13704.0
4496,4508.803858520901
4000,4000.0
5535,4549.2
6032,5644.02434385698
76681,72133.8198757764
4233,5046.095744680851
52063,51882.85652173913
4294,4402.011111111111
48851,48851.0
55377,55446.51724137931
54684,54873.07142857143
13095,13733.75
4354,5829.304347826087
6432,6374.833333333333
65872,58976.119402985074
41064,41169.681818181816
4732,5349.224696356276
64285,65421.0
14150,13038.864864864865
9090,9090.0
2339,2959.2727272727275
5761,5850.5
3361,6042.0
5584,4551.084415584415
56702,58760.888059701494
6763,7400.714285714285
8029,7767.0
4556,4987.175675675676
14553,12071.0
56590,56590.0
4498,4505.289617486339
4672,4810.366421568628
12185,11712.08888888889
7424,7478.431818181818
7584,7584.0
51117,49708.0447761194
5696,5558.036855036855
7360,5830.283950617284
60232,61126.73333333333
59033,59033.0
29129,11037.333333333334
51405,53393.0
3402,4726.278053624627
6711,6716.0
5040,5644.02434385698
60232,57290.01242236025
2124,2124.0
3466,3943.903448275862
8799,8352.166666666666
42521,42521.0
45693,45693.0
4071,4071.0
13369,13178.285714285714
4480,4488.653136531365
5953,5953.0
50271,49672.666666666664
5294,4947.2
5943,5943.0
78240,77120.0
6585,6114.176470588235
4789,4550.293333333333
1890,1890.0
39321,39321.0
10425,10425.0
11629,12123.2
49177,53848.57763975155
6534,6366.038461538462
5269,5574.288511749347
8096,8909.0
63725,68045.0
50271,50271.0
5761,5644.02434385698
52063,51882.85652173913
10680,10510.833333333334
44280,44280.0
44280,44438.666666666664
50361,50515.37837837838
4402,4568.153846153846
57017,57017.0
6878,5558.036855036855
52287,61202.204545454544
8857,9145.0
7372,7025.179104477612
4502,4500.2830188679245
32634,32634.0
9611,9363.5
6067,6090.333333333333
1776,2237.6
5012,5966.768439108062
60160,59703.288265306124
62045,51601.0
37985,37985.0
54608,54608.0
49884,49884.0
50271,50539.99750623442
6487,6896.75
25000,25000.0
4496,4508.803858520901
6636,5836.666666666667
11205,11821.323040380048
53152,53152.0
3756,3866.4285714285716
62255,58744.230769230766
8726,5574.288511749347
53512,55500.0
9001,10581.0
5813,5356.795454545455
57301,42457.0
5177,5122.6
4979,4508.803858520901
57405,57405.0
2700,2715.978260869565
5103,4376.060747663551
4357,4797.646464646465
8934,8991.142857142857
3282,4726.278053624627
4121,4142.12
7496,7822.727272727273
5660,5660.0
4079,3675.5
55983,70028.2
21633,17073.6
53552,66867.0
4501,4501.0
9090,8380.688524590163
3393,3650.285714285714
50271,50271.0
23898,23898.0
14197,12794.923076923076
3153,3270.230769230769
2482,3542.0
9377,9026.666666666666
2476,2418.6968325791854
6448,6374.222222222223
3943,5223.967741935484
70588,64020.913043478264
3811,4416.626666666667
18039,9826.5
6690,6585.0
2901,2901.0
37929,39130.2
16140,14055.191489361701
51817,51817.0
3569,3090.0
10983,10657.666666666666
51697,51697.0
11319,8775.0
2201,2201.0
6067,6067.0
14839,15255.166666666666
52175,54805.0
2124,2124.0
32859,32859.0
13023,12355.0
5954,5959.816479400749
7927,10951.694736842106
1890,1890.0
16997,10989.5
7677,7894.777777777777
2339,2355.25
7607,5131.623287671233
44280,49906.99441340782
4294,4138.523178807947
4357,4357.0
35554,39743.67441860465
20477,15821.488888888889
60260,60260.0
5953,5953.0
81585,76458.56
53152,53827.328125
4796,4690.2
7423,7446.988095238095
13168,13422.283950617284
4327,5796.637254901961
50271,50539.99750623442
41101,41101.0
3754,3754.0
47657,47657.0
1714,1714.0
17043,14470.73076923077
5178,5188.6
8803,5765.333333333333
5632,6654.4
11972,8222.0
60160,59703.288265306124
7489,7489.0
24234,27837.5
51595,51595.0
12750,6351.211576846307
5954,6245.811188811189
3357,3584.5185185185187
55804,56998.666666666664
8129,8155.25
5178,6438.074074074074
31292,31292.0
1998,1998.0
1714,1714.0
68184,61278.95652173913
7484,9515.231884057972
31982,31982.0
44144,54292.560160427805
72125,74113.0
82384,82925.33333333333
3020,3096.2285714285713
31436,31364.0
3645,3738.9806201550387
7958,7025.179104477612
80626,80626.0
7489,7489.0
56702,54292.560160427805
6836,6447.190476190476
11488,12207.707182320442
2057,2225.0
59021,61933.0
5656,5656.0
6747,5574.288511749347
7437,10468.75
5857,5644.02434385698
10961,11318.0
51707,54174.57575757576
64173,56735.617100371746
7352,7352.0
5989,4827.617260787993
4501,4505.289617486339
57939,57939.0
5677,5217.399103139013
4755,5308.596713021492
49725,49753.37128712871
69244,71716.91836734694
6042,5240.25
2098,3545.468085106383
4896,4606.445103857567
7423,7423.0
6892,6813.25
7387,6011.833333333333
11205,11373.87786259542
5660,6378.864197530864
8534,8334.0
14193,11202.5
64113,66138.58436213991
4556,4825.578125
8452,8220.142857142857
52522,52522.0
89089,83861.0
56273,56273.0
3072,3072.0
3862,3862.0
2410,2410.0
13524,14158.75
2700,2702.625
9840,10332.625
42457,42457.0
2339,2418.6968325791854
2482,3436.0
3397,3464.0
4500,4505.289617486339
2835,7362.8
45883,45883.0
45883,45883.0
53164,54106.833333333336
1890,1890.0
44280,44280.0
13894,10679.650943396226
2050,2050.0
4209,5046.095744680851
44280,44174.38596491228
5104,4459.051698670605
7021,6250.028985507246
6191,5853.651685393258
2339,2339.0
3489,5574.288511749347
5174,5512.307692307692
6488,6518.142857142857
6147,5989.5
5656,5956.276363636363
22140,22140.0
64285,64285.0
2637,2637.0
4205,4551.084415584415
12660,9457.0
6786,7382.4
45257,45257.0
11520,11592.692307692309
6015,5308.596713021492
4648,4648.0
56590,56590.0
4501,3961.75
2309,2580.2
5953,5959.816479400749
2738,2508.0
66481,46839.2
11111,12115.25
47545,47545.0
2476,2476.0
5221,5318.454545454545
6412,10212.4
15414,15676.5
27864,27864.0
50361,50773.45569620253
60978,60829.01438848921
6578,6668.033333333334
79548,71938.36363636363
16569,13645.0
4170,6718.75
7488,7439.0
6544,5275.142857142857
45321,51597.71428571428
3334,3350.6666666666665
3471,4702.744827586207
10428,10611.916666666666
58315,62646.28571428572
5949,5952.409090909091
80511,68153.27118644067
4209,5046.095744680851
3999,3999.0
3393,3393.0
11205,10915.9
6821,6822.625
67004,71716.91836734694
57920,57920.0
6133,6150.5
51345,52064.4674556213
6461,6248.078125
53164,53164.0
62748,62748.0
61583,61583.0
9201,9201.0
7081,6249.066666666667
45672,45672.0
3999,4075.6
2410,2384.206896551724
41113,41113.0
41064,41064.0
7572,7572.0
4796,4416.626666666667
15405,14422.538461538461
45883,45883.0
79965,69661.0
7767,7767.0
3685,4138.523178807947
6741,5783.581395348837
6128,4827.617260787993
57081,52999.44613821138
5441,6248.078125
4593,4459.051698670605
4394,4416.714285714285
3393,3393.0
6702,7204.8
8111,7691.373134328358
3381,4066.3333333333335
16013,14532.5
5280,6247.2
2105,2105.0
69885,61933.0
5894,5799.32284768212
2124,3029.6785714285716
67004,67724.5
6105,5191.768
3571,4702.744827586207
2835,2658.5
7549,13908.5
51457,54292.560160427805
7927,7927.0
3625,4760.076923076923
53209,53209.0
5808,6862.0
5177,5157.166666666667
51875,52999.44613821138
13830,11898.0
2823,2343.0
9085,4741.8
7081,7386.4
6158,6493.598930481284
2350,2350.0
2456,2506.769230769231
62793,59703.288265306124
51875,52999.44613821138
5584,5344.823529411765
10135,9716.611111111111
2339,2418.6968325791854
11625,11275.693548387097
42457,42457.0
2080,1776.0
5303,5303.0
9855,9527.333333333334
69244,70380.0
7416,7665.3448275862065
51595,51674.991150442474
51047,49910.2
4792,5798.539772727273
60396,60396.0
20433,18212.6
11205,11373.87786259542
3282,3738.9806201550387
5339,5830.107438016529
60508,68292.0
53152,53152.0
1105,1105.0
60489,51250.625
8092,8706.65
37985,41540.142857142855
1755,1755.0
9891,10098.833333333334
1913,2025.8333333333333
5942,6351.211576846307
11928,12024.57142857143
4604,5872.75
7425,7425.0
45883,45883.0
2738,2684.5
6510,8380.688524590163
6082,5799.32284768212
39610,40853.36363636364
5817,5958.666666666667
5685,4987.175675675676
4715,4724.4
32230,32230.0
12007,11807.4
7931,5740.0
36577,45924.2
11949,12179.6
4969,6058.140992167102
5414,4410.495798319328
23838,23838.0
6395,6245.811188811189
6512,6288.915422885572
3393,3393.0
53743,53743.0
7519,5028.0
6048,5830.107438016529
9735,11056.166666666666
5943,6114.176470588235
2359,3017.25
8112,6958.35294117647
4496,4508.803858520901
11545,11976.333333333334
9269,4555.0
5622,5644.02434385698
9141,10967.5
4637,5644.02434385698
18686,18421.14285714286
3015,3146.4
2516,3161.243902439024
3013,2516.0
63362,61938.0
4417,4904.962962962963
9879,10117.0
3855,5131.623287671233
5943,6011.266666666666
61933,61933.0
32420,36625.75
10069,9765.058823529413
58125,59042.74
6712,6339.903225806452
11129,11129.0
44144,44144.0
14880,15300.0
3108,2593.68
4453,4453.0
5787,4827.617260787993
3819,4430.769704433497
3999,3999.0
2651,2651.0
53164,54155.6
49553,49553.0
3811,4206.059431524548
5441,6248.078125
28510,28510.0
5136,4199.243362831859
2637,2637.0
6489,6348.307692307692
4769,5570.712121212121
49725,49669.96551724138
47205,47205.0
3334,4098.921760391198
6163,6840.111111111111
7004,7259.8
11520,11383.48051948052
90960,65435.5
5954,5954.0
64285,64285.0
8641,11821.323040380048
60508,60508.0
7490,8115.04
12780,13095.0
5708,5574.288511749347
6488,6488.0
15123,15453.85294117647
10018,10583.384615384615
5584,5987.666254635352
5956,4861.733333333334
60978,60978.0
52287,52287.0
12093,10257.5
4555,4555.0
51817,51817.0
15990,12496.2
10921,19009.0
12894,13491.3
5178,4904.9375
54777,55248.1724137931
4111,4416.626666666667
5894,5799.32284768212
5314,5763.333333333333
2203,2203.0
5690,5574.288511749347
11006,10785.4
4980,4905.714285714285
5040,5259.0
2339,2376.1428571428573
12663,8044.375
4449,4091.5714285714284
67769,67769.0
5174,2553.0
14150,13997.833333333334
4338,4989.0
7012,7093.833333333333
6799,6799.0
54608,54608.0
2723,2917.086956521739
1830,1830.0
4660,4765.239130434783
76834,54402.857142857145
5761,5308.596713021492
28510,39318.0
7106,7226.0
8643,5220.5
3916,4430.769704433497
54777,54777.0
2336,2913.0
4672,4877.7027027027025
8148,8193.0
4515,3518.59375
6045,5627.111111111111
3916,3738.9806201550387
5226,6824.416666666667
55377,56891.515384615384
10219,10177.235294117647
2723,2568.2
2723,2723.0
6450,6907.007299270073
3393,3506.0
87746,60829.01438848921
52287,60829.01438848921
57081,52999.44613821138
20077,12046.42857142857
60396,60396.0
4453,4850.6
6568,6448.7958532695375
45883,50777.88888888889
10017,10991.0
6287,4702.744827586207
5892,5983.236363636363
48079,48079.0
24056,24056.0
7529,6986.590909090909
2410,2593.68
3000,3228.8
3013,2098.0
58125,60119.944444444445
11508,13227.6
9933,12753.476923076923
15794,16891.25
3979,4430.769704433497
5823,5956.276363636363
12164,16098.5
14933,11755.4
5771,5672.0
4827,4763.81220657277
5388,5058.784172661871
3243,4397.228260869565
60396,60396.0
20760,22150.0
20509,14398.527777777777
64285,66935.66666666667
6412,6246.5
7021,4491.8
4099,4257.011363636364
61933,62927.0
22140,22140.0
5441,5798.539772727273
51372,51372.0
4148,3950.2413793103447
14343,16522.0
58315,58315.0
10733,8201.584905660377
2124,2124.0
4496,4606.445103857567
1830,1830.0
5103,8176.756756756757
5417,5114.0
17989,17320.6
3999,4025.875
12570,11669.08
6067,6174.333333333333
8111,7628.952380952381
6389,5358.661512027491
8112,8167.78125
2203,2203.0
5135,6082.986486486487
52175,52175.0
60396,60396.0
6240,6688.231481481482
54949,57235.75
18030,3057.5714285714284
42521,48140.76470588235
6122,6473.331360946746
5569,6558.171779141105
60978,56978.78531073446
49177,53848.57763975155
44432,44432.0
11854,11722.117647058823
14198,12384.285714285714
11456,10032.0
60978,60978.0
2410,2410.0
30630,24056.0
4020,4773.775362318841
41064,43277.44329896907
3379,3857.0
50249,63242.0
51372,41990.642857142855
6977,8035.277777777777
